d,eccentricity,overlap,seed,n_samples,n_components,n_seeds_total,algorithm,ARI,NMI,fit_time,mean_loglik,silhouette,davies_bouldin,calinski_harabasz
2,1,0.0,0,500,3,3,GMM,1.0,1.0,0.3219113349914551,-3.8858697735699455,0.7865324393430694,0.2880059152117505,3197.8394824892057
2,1,0.0,0,500,3,3,KMeans,1.0,1.0,0.293212890625,,0.7865324393430694,0.2880059152117505,3197.8394824892057
2,1,0.0,1,500,3,3,GMM,1.0,1.0,0.08849310874938965,-3.8731414720335,0.7891022520167856,0.2856052208596811,3249.0092986876934
2,1,0.0,1,500,3,3,KMeans,1.0,1.0,0.1789381504058838,,0.7891022520167856,0.2856052208596811,3249.0092986876934
2,1,0.0,2,500,3,3,GMM,1.0,1.0,0.08313250541687012,-3.930567284094713,0.7839519673021393,0.29323454362499396,3085.8506583134395
2,1,0.0,2,500,3,3,KMeans,1.0,1.0,0.3233799934387207,,0.7839519673021393,0.29323454362499396,3085.8506583134395
2,1,0.2,0,500,3,3,GMM,1.0,1.0,0.11444640159606934,-3.8858328737316272,0.7359135691329332,0.3524772721403782,2144.912816820018
2,1,0.2,0,500,3,3,KMeans,1.0,1.0,0.09681987762451172,,0.7359135691329332,0.3524772721403782,2144.912816820018
2,1,0.2,1,500,3,3,GMM,1.0,1.0,0.11023759841918945,-3.8726995210718855,0.7391604896865234,0.34875896530322764,2181.6687354860683
2,1,0.2,1,500,3,3,KMeans,1.0,1.0,0.13356733322143555,,0.7391604896865234,0.34875896530322764,2181.6687354860683
2,1,0.2,2,500,3,3,GMM,1.0,1.0,0.10122895240783691,-3.9303423602007435,0.7333279876432605,0.35794981173036383,2073.8049651143633
2,1,0.2,2,500,3,3,KMeans,1.0,1.0,0.13013005256652832,,0.7333279876432605,0.35794981173036383,2073.8049651143633
2,1,0.4,0,500,3,3,GMM,0.9879762948044486,0.9801906510597234,0.07455039024353027,-3.8748913286714908,0.6531920024716987,0.456068163414629,1298.5134678604725
2,1,0.4,0,500,3,3,KMeans,0.993969818926683,0.9888285217650024,0.20025229454040527,,0.6538717706619944,0.4553830428985132,1302.2196774216884
2,1,0.4,1,500,3,3,GMM,0.9640935034293615,0.9380979468215148,0.06157231330871582,-3.851635479216985,0.6624708105354981,0.44161881440994294,1353.2543672947547
2,1,0.4,1,500,3,3,KMeans,0.9581187087737849,0.9294649519161791,0.4146547317504883,,0.6625792024782066,0.4407249065118383,1353.7578855981753
2,1,0.4,2,500,3,3,GMM,0.9521966629801106,0.9183281303137882,0.06869149208068848,-3.9083064956422096,0.6541029907443514,0.45945538931706187,1273.3447155583904
2,1,0.4,2,500,3,3,KMeans,0.9581710558920604,0.9269617851610821,0.5372617244720459,,0.6550352778028476,0.4575963272270214,1280.3178067813565
2,1,0.6,0,500,3,3,GMM,0.8317422218012516,0.7775388347772415,0.1813821792602539,-3.746501315787417,0.5403438083811147,0.6184763544391506,749.6857361709353
2,1,0.6,0,500,3,3,KMeans,0.8374224166636167,0.7803518832552698,0.1737356185913086,,0.5411985826816389,0.6157289437214736,752.3882647351495
2,1,0.6,1,500,3,3,GMM,0.86013597780595,0.7968682040202067,0.14559197425842285,-3.7359053460016707,0.5522166139047885,0.5879101465649089,781.4798497566155
2,1,0.6,1,500,3,3,KMeans,0.8657980158065255,0.8041071129762896,0.22331929206848145,,0.5526230323459208,0.5852417232718038,782.508821082761
2,1,0.6,2,500,3,3,GMM,0.8772455282922567,0.822263627556988,0.16934418678283691,-3.797319964998386,0.5412214153209209,0.601106720692297,736.1006082347064
2,1,0.6,2,500,3,3,KMeans,0.8829104348724375,0.828795759663355,0.37606263160705566,,0.5412168699529619,0.6005216834759493,736.4161409911685
2,1,0.8,0,500,3,3,GMM,0.4899537442455807,0.4249804636320147,0.24777841567993164,-3.384304440779489,0.4188162562388178,0.778355470697028,443.35073223358955
2,1,0.8,0,500,3,3,KMeans,0.5014170934348813,0.43454537735324744,0.32980775833129883,,0.4209302099947189,0.7760445909111415,446.4656450066698
2,1,0.8,1,500,3,3,GMM,0.5423745227590245,0.4714818902802543,0.036224365234375,-3.4055724546557697,0.41646895650324406,0.7909809111376319,432.3011068729159
2,1,0.8,1,500,3,3,KMeans,0.5515811710738636,0.47816727500246653,0.5589292049407959,,0.4177430511946073,0.7952488318477279,435.5272671294557
2,1,0.8,2,500,3,3,GMM,0.5497891599487624,0.48117737445975933,0.08123517036437988,-3.4652951761603537,0.3965567137883797,0.8228782085179991,400.75952159577
2,1,0.8,2,500,3,3,KMeans,0.5534979972300544,0.48371219377434427,0.5083563327789307,,0.39699408159982946,0.8234067898765892,402.5537455414912
2,3,0.0,0,500,3,3,GMM,1.0,1.0,0.04956769943237305,-3.7420268255210143,0.7913009575922751,0.27980604598557063,3260.9713546788867
2,3,0.0,0,500,3,3,KMeans,1.0,1.0,0.39299654960632324,,0.7913009575922751,0.27980604598557063,3260.9713546788867
2,3,0.0,1,500,3,3,GMM,1.0,1.0,0.12493467330932617,-3.7293008519195965,0.7959699432817359,0.278610072141141,3356.1954487106755
2,3,0.0,1,500,3,3,KMeans,1.0,1.0,0.11789274215698242,,0.7959699432817359,0.278610072141141,3356.1954487106755
2,3,0.0,2,500,3,3,GMM,0.993969818926683,0.9888285217650022,0.09058713912963867,-3.7790544276883473,0.7920489902130862,0.28064213909674707,3216.11530088911
2,3,0.0,2,500,3,3,KMeans,0.993969818926683,0.9888285217650022,0.4292292594909668,,0.7920489902130862,0.28064213909674707,3216.11530088911
2,3,0.2,0,500,3,3,GMM,1.0,1.0,0.056993722915649414,-3.741367846654789,0.7414975710394441,0.34214720454058695,2189.4395219495614
2,3,0.2,0,500,3,3,KMeans,1.0,1.0,0.3111264705657959,,0.7414975710394441,0.34214720454058695,2189.4395219495614
2,3,0.2,1,500,3,3,GMM,1.0,1.0,0.1552414894104004,-3.7292562752821508,0.7484763136592384,0.3400360438998216,2265.431543657655
2,3,0.2,1,500,3,3,KMeans,0.993969818926683,0.9888285217650024,0.1428966522216797,,0.7487662791368481,0.3406980974128629,2272.5215454229588
2,3,0.2,2,500,3,3,GMM,0.9819101212102262,0.9690075668882544,0.1516730785369873,-3.7624839323238213,0.7471832889737493,0.3406226306344092,2233.386230382997
2,3,0.2,2,500,3,3,KMeans,0.9819101212102262,0.9690075668882544,0.13175225257873535,,0.7471832889737493,0.3406226306344092,2233.386230382997
2,3,0.4,0,500,3,3,GMM,0.9702178315508575,0.9588471478848204,0.15629792213439941,-3.7216859583321362,0.664778626932231,0.4401556950913739,1354.5867803851675
2,3,0.4,0,500,3,3,KMeans,0.9639341830175836,0.9455898922518956,0.23654794692993164,,0.6656048922380937,0.4407959457585095,1363.4711352706756
2,3,0.4,1,500,3,3,GMM,0.9820196457415075,0.972508749315855,0.14060163497924805,-3.7151276496757095,0.677629641210268,0.43608526363244343,1425.838913927718
2,3,0.4,1,500,3,3,KMeans,0.9761000871161618,0.9654473703197342,0.5264425277709961,,0.677558953556838,0.4368221664019359,1426.2680992940961
2,3,0.4,2,500,3,3,GMM,0.9581166577415231,0.9244220092165121,0.16547226905822754,-3.7280171990512225,0.6780543783509325,0.42460570989514296,1425.6650248450662
2,3,0.4,2,500,3,3,KMeans,0.9521781525058098,0.9158002253672158,0.13843321800231934,,0.6781283814654938,0.4262192049945912,1426.138348020464
2,3,0.6,0,500,3,3,GMM,0.846101589624565,0.802311285024517,0.18734073638916016,-3.6204678049567303,0.5583392889690972,0.590017480138952,796.5848730678988
2,3,0.6,0,500,3,3,KMeans,0.8286813475974808,0.7825621558122576,0.11712169647216797,,0.5623255970261634,0.5839701931118878,814.8127193429476
2,3,0.6,1,500,3,3,GMM,0.9057552843095847,0.8576177749556216,0.17842960357666016,-3.627359903997886,0.5662103703211224,0.5880640473066296,810.417252413702
2,3,0.6,1,500,3,3,KMeans,0.8587958740232955,0.8253218188254628,0.16955304145812988,,0.574045795042879,0.5742386032309549,843.5926338915741
2,3,0.6,2,500,3,3,GMM,0.8433063962839676,0.7780711471672485,0.10333395004272461,-3.6275286198695427,0.5740128108575281,0.566685047472297,843.9940191153831
2,3,0.6,2,500,3,3,KMeans,0.84881067499435,0.785607187719831,0.1550452709197998,,0.5743639383451825,0.5672982712133935,845.2111479383221
2,3,0.8,0,500,3,3,GMM,0.5300497125046547,0.48534132950168446,0.1584184169769287,-3.3230008902548613,0.4324543317805223,0.763553091140945,469.68847918739505
2,3,0.8,0,500,3,3,KMeans,0.5200717590923245,0.4760900522732661,0.1423804759979248,,0.43446125195207197,0.758749916720958,477.88285105140676
2,3,0.8,1,500,3,3,GMM,0.5794837897196592,0.5702723923753855,0.1371774673461914,-3.3608722880613735,0.4353916935332699,0.7845279014091702,447.2451457689775
2,3,0.8,1,500,3,3,KMeans,0.5510902887282648,0.5370239287228077,0.28895092010498047,,0.44189434450710646,0.7748219213632722,467.1117748837435
2,3,0.8,2,500,3,3,GMM,0.5214928304860331,0.45089074960144593,0.11868119239807129,-3.3331864079442073,0.4355153405696998,0.7612127948888365,470.97803641261316
2,3,0.8,2,500,3,3,KMeans,0.5259397070794851,0.4608435455349709,0.5674269199371338,,0.43974921044484283,0.7702775999656368,476.4615994983838
2,10,0.0,0,500,3,3,GMM,1.0,1.0,0.0774993896484375,-3.33241236020868,0.7987342081232529,0.269284008668242,3279.0986496802643
2,10,0.0,0,500,3,3,KMeans,1.0,1.0,0.2757589817047119,,0.7987342081232529,0.269284008668242,3279.0986496802643
2,10,0.0,1,500,3,3,GMM,1.0,1.0,0.1123192310333252,-3.319686273786035,0.8001324630478852,0.2669122446049359,3298.4961805723433
2,10,0.0,1,500,3,3,KMeans,1.0,1.0,0.2598724365234375,,0.8001324630478852,0.2669122446049359,3298.4961805723433
2,10,0.0,2,500,3,3,GMM,0.9879762948044486,0.9801906510597234,0.04052734375,-3.3656096364563153,0.8020260843022124,0.2700139976035713,3227.301013831843
2,10,0.0,2,500,3,3,KMeans,0.9879762948044486,0.9801906510597234,0.2504539489746094,,0.8020260843022124,0.2700139976035713,3227.301013831843
2,10,0.2,0,500,3,3,GMM,1.0,1.0,0.08454561233520508,-3.331840733135188,0.7499836841977808,0.3289069417364244,2199.547855430682
2,10,0.2,0,500,3,3,KMeans,0.9879762948044486,0.9801906510597234,0.20821499824523926,,0.7501006066442099,0.3316772740429326,2200.8601500268237
2,10,0.2,1,500,3,3,GMM,1.0,1.0,0.06272006034851074,-3.319662051623793,0.7521710101284034,0.32564283744372563,2215.2435006684614
2,10,0.2,1,500,3,3,KMeans,0.9820196457415075,0.972508749315855,0.2706441879272461,,0.7543189481988007,0.3268561203742955,2256.0422887912364
2,10,0.2,2,500,3,3,GMM,0.9879762948044486,0.9801906510597234,0.09547138214111328,-3.3545313002583095,0.7587863510594846,0.3252612662613326,2228.742708335064
2,10,0.2,2,500,3,3,KMeans,0.9879762948044486,0.9801906510597234,0.14751863479614258,,0.7587863510594846,0.3252612662613326,2228.742708335064
2,10,0.4,0,500,3,3,GMM,0.9761000871161618,0.9654473703197342,0.04874920845031738,-3.312767196345298,0.6780765525071515,0.42262236809487835,1380.1651537954
2,10,0.4,0,500,3,3,KMeans,0.9464265601480273,0.9193041685913598,0.5671103000640869,,0.6791111418954442,0.420254728794009,1394.2293855090716
2,10,0.4,1,500,3,3,GMM,0.9820196457415075,0.972508749315855,0.16018247604370117,-3.3047382770425267,0.6842798960415141,0.41509969457187573,1413.8127961524822
2,10,0.4,1,500,3,3,KMeans,0.9344944650355113,0.9079884350323107,0.17692208290100098,,0.6875121963020168,0.4147316583982816,1457.7754934508189
2,10,0.4,2,500,3,3,GMM,0.9700500434219901,0.9467254804527314,0.08625650405883789,-3.3334958624439968,0.6894560964972692,0.4132862463334692,1402.3958098683433
2,10,0.4,2,500,3,3,KMeans,0.9700323760229831,0.9501874854936684,0.4671602249145508,,0.6897900397216307,0.4118806451171842,1404.558781031375
2,10,0.6,0,500,3,3,GMM,0.8653839445551682,0.8447832595817474,0.16643333435058594,-3.235945045514701,0.5805450338532172,0.5641110374242054,821.5993341743759
2,10,0.6,0,500,3,3,KMeans,0.8027231484432937,0.7705351094824434,0.428508996963501,,0.5923261159434411,0.5457921566370836,888.2638028237448
2,10,0.6,1,500,3,3,GMM,0.9291247713162301,0.8960900450908151,0.11730766296386719,-3.2415680002977036,0.5705699881350399,0.5586102365668025,784.9971035357289
2,10,0.6,1,500,3,3,KMeans,0.7851139668964633,0.7710851108088608,0.18413662910461426,,0.5968884762073227,0.539740117436799,914.047531965414
2,10,0.6,2,500,3,3,GMM,0.865566990981002,0.8064306128439995,0.04752016067504883,-3.24537908406595,0.5836289657579224,0.5553722296561158,809.7180195553169
2,10,0.6,2,500,3,3,KMeans,0.8320493439912013,0.775343793131666,0.2239551544189453,,0.5907607534468151,0.5486879381571593,836.8267278690598
2,10,0.8,0,500,3,3,GMM,0.6684566464513895,0.6710086938899507,0.18157267570495605,-3.0402767966359576,0.41698946085655614,0.8271724266735019,376.4774817783409
2,10,0.8,0,500,3,3,KMeans,0.514669150316916,0.518359261172653,0.32617974281311035,,0.4749915754722498,0.7147307336091311,548.0711549716185
2,10,0.8,1,500,3,3,GMM,0.6852445121456842,0.665086793353967,0.08667540550231934,-3.0380854055294564,0.4460664865565062,0.7493302407617239,439.8055284252029
2,10,0.8,1,500,3,3,KMeans,0.5129090376092817,0.545433712315162,0.20245647430419922,,0.48806089751255427,0.6917846383175789,543.5837338372971
2,10,0.8,2,500,3,3,GMM,0.5352011400809754,0.4733617469744752,0.1061856746673584,-3.011638314785786,0.3988358173109467,0.9112870372845986,324.8804797447969
2,10,0.8,2,500,3,3,KMeans,0.5561566754906705,0.5071956507700928,0.1531064510345459,,0.46005961149203495,0.7410969259209045,478.4454004316236
2,30,0.0,0,500,3,3,GMM,1.0,1.0,0.024710416793823242,-2.8456270705844977,0.8038498741936272,0.2625617790182064,3283.846927410716
2,30,0.0,0,500,3,3,KMeans,1.0,1.0,0.13822293281555176,,0.8038498741936272,0.2625617790182064,3283.846927410716
2,30,0.0,1,500,3,3,GMM,1.0,1.0,0.047393083572387695,-2.832900506639547,0.8050465835888009,0.2593645417606934,3302.658253011592
2,30,0.0,1,500,3,3,KMeans,0.993969818926683,0.9888285217650024,0.05405545234680176,,0.8049459576886172,0.2601335468461292,3305.7911079617884
2,30,0.0,2,500,3,3,GMM,0.993969818926683,0.9888285217650022,0.029975414276123047,-2.879572531179101,0.8083879325814848,0.2617929356240399,3238.692444224728
2,30,0.0,2,500,3,3,KMeans,0.9879762948044486,0.9801906510597234,0.12679696083068848,,0.8085912684368768,0.26251563392924254,3246.6279399508035
2,30,0.2,0,500,3,3,GMM,1.0,1.0,0.03716421127319336,-2.8455227905970464,0.7559908702542374,0.3206389018243822,2201.66286722263
2,30,0.2,0,500,3,3,KMeans,0.9879762948044486,0.9801906510597234,0.12375068664550781,,0.7565578282801726,0.32343259790419926,2208.7995587764603
2,30,0.2,1,500,3,3,GMM,1.0,1.0,0.044113874435424805,-2.8328872594134538,0.7580558948136137,0.31644872645127814,2217.592548014609
2,30,0.2,1,500,3,3,KMeans,0.9820196457415075,0.972508749315855,0.13512873649597168,,0.7610493356562228,0.31727765776809697,2273.3765080367725
2,30,0.2,2,500,3,3,GMM,0.9879762948044486,0.9801906510597234,0.024892568588256836,-2.874992828974335,0.7668158676630463,0.31627404057235614,2241.506214239763
2,30,0.2,2,500,3,3,KMeans,0.9879762948044486,0.9801906510597234,0.17552852630615234,,0.7668158676630463,0.31627404057235614,2241.506214239763
2,30,0.4,0,500,3,3,GMM,0.9879762948044486,0.9801906510597234,0.11194276809692383,-2.8368427453611123,0.6833884512549759,0.41123525847718284,1367.8178735465474
2,30,0.4,0,500,3,3,KMeans,0.9174432887274736,0.8834210809991137,0.21246910095214844,,0.6875146269351686,0.40739626468413426,1410.4964613025102
2,30,0.4,1,500,3,3,GMM,0.993969818926683,0.9888285217650024,0.1120462417602539,-2.82828435278951,0.6871409195622802,0.4043198645823367,1378.8765330446402
2,30,0.4,1,500,3,3,KMeans,0.9344944650355113,0.9079884350323109,0.08243155479431152,,0.697461624426166,0.4002524941118842,1482.8497992622897
2,30,0.4,2,500,3,3,GMM,0.9700500434219901,0.9467254804527314,0.19675111770629883,-2.86578871141969,0.6934834869908321,0.40861780848932483,1330.4139489076283
2,30,0.4,2,500,3,3,KMeans,0.9700323760229831,0.9501874854936684,0.255657434463501,,0.7008574651072962,0.4001296135297305,1417.0195418375185
2,30,0.6,0,500,3,3,GMM,0.9244866457118527,0.9057318931885234,0.14401674270629883,-2.7769764597341453,0.5701802420580052,0.5636565561610337,750.7421937478764
2,30,0.6,0,500,3,3,KMeans,0.7918868348144631,0.7603584963102308,0.3366279602050781,,0.6076130318818084,0.5241803986247334,918.8342628070488
2,30,0.6,1,500,3,3,GMM,0.9642787387030183,0.9477032313505707,0.14359593391418457,-2.7861396774446754,0.5778907773564369,0.548886167740486,771.4508559868649
2,30,0.6,1,500,3,3,KMeans,0.7796760678113867,0.7671297126347048,0.44431471824645996,,0.6135417831955844,0.5158871862650524,949.7886802987554
2,30,0.6,2,500,3,3,GMM,0.8939883561425944,0.8402494740263381,0.15174388885498047,-2.7937750383370004,0.5804688744001145,0.5613828250562567,720.1978568334619
2,30,0.6,2,500,3,3,KMeans,0.8254816825631331,0.7888007406601161,0.8456578254699707,,0.6070190300732456,0.5372193323952489,849.164451316952
2,30,0.8,0,500,3,3,GMM,0.7662586496348126,0.7868603208543696,0.23810911178588867,-2.6547733327853327,0.3867774224041518,0.8990836190975328,311.8109762012244
2,30,0.8,0,500,3,3,KMeans,0.5035343164064515,0.5383334470699381,0.32550811767578125,,0.5005704952262876,0.6810122764113994,586.4559710940011
2,30,0.8,1,500,3,3,GMM,0.8044912595547203,0.756347770766615,0.24173450469970703,-2.6363587530955668,0.4122414795674031,0.822792054542222,344.4084518378836
2,30,0.8,1,500,3,3,KMeans,0.5201643261273444,0.5525946468888426,0.15990662574768066,,0.5157648342887157,0.6516826278328843,578.8241521464258
2,30,0.8,2,500,3,3,GMM,0.6749312777195555,0.6050807948313588,0.04300093650817871,-2.6393032970560273,0.37795576002521053,0.90964774815721,275.76572876994055
2,30,0.8,2,500,3,3,KMeans,0.546933795020704,0.5546878786978598,1.0757768154144287,,0.4848851518797402,0.7079883873659405,484.6606496860161
10,1,0.0,0,500,3,3,GMM,1.0,1.0,0.06381511688232422,-14.937870571179824,0.5353274909847932,0.7080264262988822,652.7449897158311
10,1,0.0,0,500,3,3,KMeans,1.0,1.0,0.11735248565673828,,0.5353274909847932,0.7080264262988822,652.7449897158311
10,1,0.0,1,500,3,3,GMM,1.0,1.0,0.10242366790771484,-15.146359083016812,0.5230827160284758,0.7241986628620679,609.8515649891872
10,1,0.0,1,500,3,3,KMeans,1.0,1.0,0.12417912483215332,,0.5230827160284758,0.7241986628620679,609.8515649891872
10,1,0.0,2,500,3,3,GMM,1.0,1.0,0.07747197151184082,-15.16054610713302,0.5245355106757728,0.7222899331796934,615.5080024779495
10,1,0.0,2,500,3,3,KMeans,1.0,1.0,0.2976725101470947,,0.5245355106757728,0.7222899331796934,615.5080024779495
10,1,0.2,0,500,3,3,GMM,0.993969818926683,0.9888285217650024,0.05486464500427246,-14.935480230083387,0.4548754225103196,0.8638561132974756,440.52746365612455
10,1,0.2,0,500,3,3,KMeans,1.0,1.0,0.12252545356750488,,0.45516071567288646,0.8639679221243632,441.0233453899404
10,1,0.2,1,500,3,3,GMM,0.4513966283137453,0.6510356872536484,0.07859563827514648,-15.521069269558469,0.17384936322650976,2.4737221740595814,120.16984246196918
10,1,0.2,1,500,3,3,KMeans,1.0,1.0,0.18163204193115234,,0.4411362660770574,0.8848377857641222,409.61137025233757
10,1,0.2,2,500,3,3,GMM,0.993969818926683,0.9888285217650024,0.04167294502258301,-15.15113110134544,0.44360045529359704,0.8814276079021189,414.5141801424652
10,1,0.2,2,500,3,3,KMeans,0.993969818926683,0.9888285217650024,0.265270471572876,,0.44360045529359704,0.8814276079021189,414.5141801424652
10,1,0.4,0,500,3,3,GMM,0.9879215676614674,0.9776513257007606,0.03566122055053711,-14.924988514168561,0.3515072008607378,1.1064298097746175,271.309994275405
10,1,0.4,0,500,3,3,KMeans,0.993969818926683,0.9888285217650024,0.3329653739929199,,0.3516513903681919,1.1057384765231906,271.3510424041802
10,1,0.4,1,500,3,3,GMM,0.9819823290588805,0.9665076538446176,0.025115966796875,-15.13286881729691,0.3360143722147373,1.1335175401194137,249.47828754806042
10,1,0.4,1,500,3,3,KMeans,0.9760068021946873,0.9578755494456573,0.22655320167541504,,0.3364625127497071,1.1356876336099502,249.9414266300296
10,1,0.4,2,500,3,3,GMM,0.9700500434219901,0.9467254804527316,0.07141900062561035,-15.13017101033327,0.34033289311322784,1.1286641720013304,253.9218432255047
10,1,0.4,2,500,3,3,KMeans,0.9759712486166047,0.9578632425015704,0.23076295852661133,,0.34065115246802635,1.1299964725405134,254.38064436213486
10,1,0.6,0,500,3,3,GMM,0.9232594863930293,0.8884354672979834,0.12815642356872559,-14.863751620176679,0.22565502233283413,1.5291025488043049,144.2220586613749
10,1,0.6,0,500,3,3,KMeans,0.912028172531906,0.8746695700928333,0.18600034713745117,,0.22622104960222128,1.5281496260433223,144.69171706148632
10,1,0.6,1,500,3,3,GMM,0.8498979664721379,0.7913851532467145,0.08553910255432129,-15.028465141156003,0.21406128051073708,1.5611594279852945,132.32269662161784
10,1,0.6,1,500,3,3,KMeans,0.8831889709512525,0.830472884336069,0.3181753158569336,,0.21607935050222477,1.5481994350110622,133.88262513767077
10,1,0.6,2,500,3,3,GMM,0.8544372264027635,0.7895817488812481,0.11934471130371094,-15.006214971119766,0.22055324006197824,1.5341334859102282,136.51887031546124
10,1,0.6,2,500,3,3,KMeans,0.837557465561702,0.771835608645322,0.5867629051208496,,0.22239030767532594,1.5287857946179615,137.64322780288072
10,1,0.8,0,500,3,3,GMM,0.41697329394659594,0.3698340835542013,0.31763172149658203,-14.518510215593874,0.09971982433378221,2.344301347924875,58.61642468299906
10,1,0.8,0,500,3,3,KMeans,0.5100228001357389,0.446492676804003,0.3826313018798828,,0.1183039442912651,2.2119462260028024,68.97777136867306
10,1,0.8,1,500,3,3,GMM,0.4015908868467795,0.3470996636470065,0.23926377296447754,-14.632267363272867,0.10428781173885716,2.3298635648171415,58.37639258241228
10,1,0.8,1,500,3,3,KMeans,0.4689573562679774,0.4071757255831592,0.3689303398132324,,0.11669376267692094,2.211101636976142,65.41625447183588
10,1,0.8,2,500,3,3,GMM,0.38857463923056623,0.33588217470734005,0.3989906311035156,-14.65065667037187,0.09725230673917623,2.517741816347748,56.57487143697313
10,1,0.8,2,500,3,3,KMeans,0.5385380639685426,0.46842114398437706,0.7548272609710693,,0.11460387023086797,2.2500748326908435,65.47314908552973
10,3,0.0,0,500,3,3,GMM,1.0,1.0,0.08407878875732422,-14.634315955306313,0.5308932813011448,0.7123170730332226,631.5311821970782
10,3,0.0,0,500,3,3,KMeans,1.0,1.0,0.16383695602416992,,0.5308932813011448,0.7123170730332226,631.5311821970782
10,3,0.0,1,500,3,3,GMM,1.0,1.0,0.05661940574645996,-14.842800545172999,0.5259838398351173,0.7176663950336657,619.0117539288401
10,3,0.0,1,500,3,3,KMeans,1.0,1.0,0.19706392288208008,,0.5259838398351173,0.7176663950336657,619.0117539288401
10,3,0.0,2,500,3,3,GMM,1.0,1.0,0.045111894607543945,-14.857327314091137,0.5221693694876258,0.7268057604969527,603.7752841580929
10,3,0.0,2,500,3,3,KMeans,1.0,1.0,0.13023734092712402,,0.5221693694876258,0.7268057604969527,603.7752841580929
10,3,0.2,0,500,3,3,GMM,1.0,1.0,0.06796646118164062,-14.63430684208102,0.44984959804783786,0.870384766583217,423.83783728656636
10,3,0.2,0,500,3,3,KMeans,1.0,1.0,0.10483026504516602,,0.44984959804783786,0.870384766583217,423.83783728656636
10,3,0.2,1,500,3,3,GMM,1.0,1.0,0.09481453895568848,-14.842777214917273,0.4448757423699935,0.8762661657787373,417.1562170622865
10,3,0.2,1,500,3,3,KMeans,1.0,1.0,0.35851240158081055,,0.4448757423699935,0.8762661657787373,417.1562170622865
10,3,0.2,2,500,3,3,GMM,1.0,1.0,0.11801457405090332,-14.85732240340513,0.4405022388901393,0.8876923673087989,405.34726410721544
10,3,0.2,2,500,3,3,KMeans,1.0,1.0,0.3523852825164795,,0.4405022388901393,0.8876923673087989,405.34726410721544
10,3,0.4,0,500,3,3,GMM,0.993969818926683,0.9888285217650024,0.09257698059082031,-14.627849351215154,0.34493728121659917,1.1179133716294043,257.4824689590072
10,3,0.4,0,500,3,3,KMeans,0.9879215676614674,0.9776513257007606,0.155029296875,,0.34534114145312694,1.1153445602700567,257.8219390446204
10,3,0.4,1,500,3,3,GMM,0.9879760003870905,0.9776681773848361,0.09833407402038574,-14.83676695591382,0.3409214098868593,1.122640476046674,255.6492690639894
10,3,0.4,1,500,3,3,KMeans,0.9879760003870905,0.9776681773848361,0.2654745578765869,,0.3409214098868593,1.122640476046674,255.6492690639894
10,3,0.4,2,500,3,3,GMM,0.993969818926683,0.9888285217650024,0.18222737312316895,-14.852147860364886,0.33523857548745956,1.1417727921260385,246.01832464017153
10,3,0.4,2,500,3,3,KMeans,0.9879762948044486,0.9801906510597234,0.20370936393737793,,0.3356342826048314,1.1383768844966216,246.56941793817293
10,3,0.6,0,500,3,3,GMM,0.8884764869305697,0.830357470056654,0.0509343147277832,-14.555267254533076,0.2185407559559274,1.5601293123592999,133.75782036515395
10,3,0.6,0,500,3,3,KMeans,0.8999318185375357,0.8445235623189254,0.24969148635864258,,0.22073787151490154,1.5478777650439752,135.4340798846126
10,3,0.6,1,500,3,3,GMM,0.9057231431659869,0.8630108836296958,0.13427305221557617,-14.768088615459726,0.21672410046947432,1.5552930365862556,135.01030658797023
10,3,0.6,1,500,3,3,KMeans,0.8892443061480669,0.8386355087872506,0.17664694786071777,,0.220074882423104,1.5385165969459689,137.3797996375038
10,3,0.6,2,500,3,3,GMM,0.8828332818020304,0.8313453632109037,0.12343692779541016,-14.789692468156128,0.20952818406700086,1.5754126572046012,128.02776532008875
10,3,0.6,2,500,3,3,KMeans,0.8655484450271026,0.8147062482622572,0.2670283317565918,,0.21413237970532378,1.5511721689157405,130.99395414756302
10,3,0.8,0,500,3,3,GMM,0.5895430600798911,0.5202264313498213,0.2622840404510498,-14.275746059420229,0.10211684642175348,2.387626667427436,56.9202942059038
10,3,0.8,0,500,3,3,KMeans,0.5051813972310507,0.4546231137683734,0.40403318405151367,,0.11284967216228617,2.256853426462248,62.606941344631
10,3,0.8,1,500,3,3,GMM,0.36858838059023996,0.3349155559805326,0.27787160873413086,-14.438244253104246,0.09299796823206533,2.5153497116810652,53.03428423285075
10,3,0.8,1,500,3,3,KMeans,0.4680712996231809,0.41257489352564686,0.2542140483856201,,0.11637478443663643,2.2440095444118078,65.94865660327943
10,3,0.8,2,500,3,3,GMM,0.19769752286054312,0.18264258774839337,0.15888643264770508,-14.540594386808797,0.08309507646397822,2.823962805086227,44.578050053382285
10,3,0.8,2,500,3,3,KMeans,0.4393087285055585,0.38813910729235834,0.34365415573120117,,0.11249255762603924,2.210328262268161,63.393045464763624
10,10,0.0,0,500,3,3,GMM,1.0,1.0,0.04177713394165039,-13.6553400351585,0.5344622910910455,0.7157663739185424,624.2043206451872
10,10,0.0,0,500,3,3,KMeans,1.0,1.0,0.10335516929626465,,0.5344622910910455,0.7157663739185424,624.2043206451872
10,10,0.0,1,500,3,3,GMM,1.0,1.0,0.0471959114074707,-13.863824635380457,0.5300297394548769,0.7120076819739278,620.4852212019744
10,10,0.0,1,500,3,3,KMeans,1.0,1.0,0.13562226295471191,,0.5300297394548769,0.7120076819739278,620.4852212019744
10,10,0.0,2,500,3,3,GMM,1.0,1.0,0.09585332870483398,-13.878351394240923,0.5292597026075181,0.718118223611964,611.5807247557603
10,10,0.0,2,500,3,3,KMeans,1.0,1.0,0.1862032413482666,,0.5292597026075181,0.718118223611964,611.5807247557603
10,10,0.2,0,500,3,3,GMM,1.0,1.0,0.10361313819885254,-13.65534003385976,0.45438861350306736,0.876412233948269,418.2368896527767
10,10,0.2,0,500,3,3,KMeans,1.0,1.0,0.09767675399780273,,0.45438861350306736,0.876412233948269,418.2368896527767
10,10,0.2,1,500,3,3,GMM,1.0,1.0,0.13305044174194336,-13.86382302778671,0.44966181229025,0.8688885596166203,418.1016677919149
10,10,0.2,1,500,3,3,KMeans,1.0,1.0,0.36729979515075684,,0.44966181229025,0.8688885596166203,418.1016677919149
10,10,0.2,2,500,3,3,GMM,1.0,1.0,0.07536196708679199,-13.878351392987922,0.4494429637659993,0.8752867998191961,412.34686340861987
10,10,0.2,2,500,3,3,KMeans,1.0,1.0,0.1441349983215332,,0.4494429637659993,0.8752867998191961,412.34686340861987
10,10,0.4,0,500,3,3,GMM,1.0,1.0,0.03779482841491699,-13.655299774079309,0.35075494259353307,1.1297921750530107,253.49428132693112
10,10,0.4,0,500,3,3,KMeans,1.0,1.0,0.1461338996887207,,0.35075494259353307,1.1297921750530107,253.49428132693112
10,10,0.4,1,500,3,3,GMM,1.0,1.0,0.05699300765991211,-13.862766412755224,0.34593448387979375,1.1143853144806717,255.5742094240268
10,10,0.4,1,500,3,3,KMeans,0.9640948221561345,0.9415643281075247,0.10446596145629883,,0.34776026677342875,1.1141597852026195,257.54738459140117
10,10,0.4,2,500,3,3,GMM,1.0,1.0,0.07779860496520996,-13.878338270964115,0.34657089380672984,1.1204286682933053,252.31011143061556
10,10,0.4,2,500,3,3,KMeans,0.9819825496488556,0.969030135912155,0.20252513885498047,,0.34680037241162587,1.1177784585625368,252.81489930911627
10,10,0.6,0,500,3,3,GMM,0.9760441182189804,0.9613538260337829,0.19971656799316406,-13.642523921216776,0.2240991459814269,1.5764647964652057,130.82286846650388
10,10,0.6,0,500,3,3,KMeans,0.9003451347297741,0.8637075031179514,0.5450408458709717,,0.22708334907416333,1.5561614629358331,132.87102737095023
10,10,0.6,1,500,3,3,GMM,0.9403810169210743,0.9035939145658691,0.18177318572998047,-13.816854812786403,0.22334134886545132,1.5472632298374196,135.57813486013094
10,10,0.6,1,500,3,3,KMeans,0.8500353543449514,0.8066688567790967,0.5035622119903564,,0.22986632956589928,1.5286722239020234,140.10436370569195
10,10,0.6,2,500,3,3,GMM,0.9819101212102262,0.9690075668882544,0.10860013961791992,-13.86674086110307,0.2199370156451883,1.557634745718188,131.49359400217048
10,10,0.6,2,500,3,3,KMeans,0.8709230394008627,0.8293120003064143,0.16695237159729004,,0.22576694755548654,1.5232297800274341,135.96504327135804
10,10,0.8,0,500,3,3,GMM,0.8102812340717658,0.7407507727398095,0.3335418701171875,-13.53176499451731,0.09119155948793985,2.644659279110057,48.3439262166128
10,10,0.8,0,500,3,3,KMeans,0.47792142127770476,0.4242763614010179,0.7085769176483154,,0.11265277710602886,2.294422018797316,60.15702633214754
10,10,0.8,1,500,3,3,GMM,0.7847461791799012,0.720479527984502,0.13450360298156738,-13.663411204172416,0.10258649821300325,2.444552830886566,56.49309549900355
10,10,0.8,1,500,3,3,KMeans,0.3686234917962268,0.367209674173051,0.4889523983001709,,0.1292966272843918,2.1619825374765127,70.38496391167087
10,10,0.8,2,500,3,3,GMM,0.7951176102892956,0.7301979278461486,0.35468554496765137,-13.72904560848464,0.09659454862515293,2.4384935205942564,53.50199900614506
10,10,0.8,2,500,3,3,KMeans,0.3980011447248913,0.3904411647141305,0.5168349742889404,,0.12138650510102324,2.2124426633859713,68.34734377898744
10,30,0.0,0,500,3,3,GMM,1.0,1.0,0.14104223251342773,-12.282803247977961,0.5374850614675993,0.7128216559188553,620.555306852379
10,30,0.0,0,500,3,3,KMeans,1.0,1.0,0.3719320297241211,,0.5374850614675993,0.7128216559188553,620.555306852379
10,30,0.0,1,500,3,3,GMM,1.0,1.0,0.06244206428527832,-12.491287850133112,0.53704600118468,0.6986014511862902,627.6449053791168
10,30,0.0,1,500,3,3,KMeans,1.0,1.0,0.3183431625366211,,0.53704600118468,0.6986014511862902,627.6449053791168
10,30,0.0,2,500,3,3,GMM,1.0,1.0,0.054017066955566406,-12.505814607058467,0.5333994334856573,0.7150028165024911,608.3760764870535
10,30,0.0,2,500,3,3,KMeans,1.0,1.0,0.09360122680664062,,0.5333994334856573,0.7150028165024911,608.3760764870535
10,30,0.2,0,500,3,3,GMM,1.0,1.0,0.06810665130615234,-12.28280324797762,0.45794518973031967,0.8734134188479189,415.4968989558137
10,30,0.2,0,500,3,3,KMeans,1.0,1.0,0.10156965255737305,,0.45794518973031967,0.8734134188479189,415.4968989558137
10,30,0.2,1,500,3,3,GMM,1.0,1.0,0.0773932933807373,-12.4912877729735,0.45820978640767446,0.8509801127000068,423.57312629276026
10,30,0.2,1,500,3,3,KMeans,1.0,1.0,0.12909770011901855,,0.45820978640767446,0.8509801127000068,423.57312629276026
10,30,0.2,2,500,3,3,GMM,1.0,1.0,0.021173954010009766,-12.505814607058035,0.45460586709004497,0.871859327647464,410.2184589106581
10,30,0.2,2,500,3,3,KMeans,1.0,1.0,0.2171328067779541,,0.45460586709004497,0.871859327647464,410.2184589106581
10,30,0.4,0,500,3,3,GMM,1.0,1.0,0.09480428695678711,-12.282798531858848,0.3549932369453724,1.1271567982101598,251.5555191488175
10,30,0.4,0,500,3,3,KMeans,0.993969818926683,0.9888285217650024,0.2588202953338623,,0.35516247782471627,1.1249504399863712,251.72297605800128
10,30,0.4,1,500,3,3,GMM,1.0,1.0,0.04542708396911621,-12.491228959653187,0.35629642803220596,1.0882996828558786,259.539440823626
10,30,0.4,1,500,3,3,KMeans,0.9761000871161618,0.9654473703197342,0.27347540855407715,,0.35774568696456815,1.0902263369710414,261.4294629941316
10,30,0.4,2,500,3,3,GMM,1.0,1.0,0.16182827949523926,-12.505814579931414,0.3530336047682637,1.116723327922034,251.06524868225142
10,30,0.4,2,500,3,3,KMeans,1.0,1.0,0.2686958312988281,,0.3530336047682637,1.116723327922034,251.06524868225142
10,30,0.6,0,500,3,3,GMM,0.9879760003870905,0.9776681773848361,0.06821084022521973,-12.277333745128871,0.22766990236633539,1.5849977160312818,128.90870668725165
10,30,0.6,0,500,3,3,KMeans,0.8831284256462262,0.8480010113227215,0.17951154708862305,,0.23371640074817143,1.5313262870076072,133.14232697634293
10,30,0.6,1,500,3,3,GMM,0.993969818926683,0.9888285217650024,0.128065824508667,-12.48955212528767,0.22966571597322238,1.508682579530243,135.15120614715858
10,30,0.6,1,500,3,3,KMeans,0.8567205461411519,0.8225371789550056,0.18729877471923828,,0.23847343484922728,1.4775316729502395,142.28496480297022
10,30,0.6,2,500,3,3,GMM,1.0,1.0,0.14421415328979492,-12.505591155421829,0.22752382773735214,1.5521909437268737,130.91644580183444
10,30,0.6,2,500,3,3,KMeans,0.8411600523373272,0.8319554428539219,0.1707155704498291,,0.23430652320291367,1.4951424416495758,137.9844530138898
10,30,0.8,0,500,3,3,GMM,0.9760254605494763,0.9578805598379105,0.1976146697998047,-12.255566934172412,0.0924932898363557,2.6821831559759954,46.44830680725859
10,30,0.8,0,500,3,3,KMeans,0.23292840741506474,0.26432921515284163,1.1090447902679443,,0.1258682323836551,2.131934613852271,69.4731485380473
10,30,0.8,1,500,3,3,GMM,0.9234023948221275,0.8844076960838401,0.14515352249145508,-12.438503092771727,0.09519042828927664,2.4624851437483906,51.04679909146397
10,30,0.8,1,500,3,3,KMeans,0.2567092013791856,0.27984775792905514,0.6616473197937012,,0.13851047972107358,2.063728439855989,76.41342834078358
10,30,0.8,2,500,3,3,GMM,0.946457093128463,0.9132375891960615,0.5455372333526611,-12.475358936409393,0.09587889899074507,2.533348236019466,50.24949083959767
10,30,0.8,2,500,3,3,KMeans,0.1772526229142856,0.20178378926441198,0.48594188690185547,,0.1335519995905257,2.143267336447172,77.59728140281331
50,1,0.0,0,500,3,3,GMM,1.0,1.0,0.10701322555541992,-67.29044734952555,0.22616203382195518,1.6245941666335855,124.74136934646918
50,1,0.0,0,500,3,3,KMeans,1.0,1.0,0.34605836868286133,,0.22616203382195518,1.6245941666335855,124.74136934646918
50,1,0.0,1,500,3,3,GMM,1.0,1.0,0.2558412551879883,-67.5979794205123,0.22848150876654025,1.6330868834944308,126.25648587728531
50,1,0.0,1,500,3,3,KMeans,1.0,1.0,0.18754315376281738,,0.22848150876654025,1.6330868834944308,126.25648587728531
50,1,0.0,2,500,3,3,GMM,1.0,1.0,0.3264763355255127,-67.74849613173716,0.22749472460283549,1.6182427993618813,124.9992845195978
50,1,0.0,2,500,3,3,KMeans,1.0,1.0,0.42564892768859863,,0.22749472460283549,1.6182427993618813,124.9992845195978
50,1,0.2,0,500,3,3,GMM,0.993969818926683,0.9888285217650024,0.31623387336730957,-67.28852989444917,0.1658565913652871,1.9824414733420552,83.9390593834492
50,1,0.2,0,500,3,3,KMeans,0.993969818926683,0.9888285217650024,0.09744763374328613,,0.1658565913652871,1.9824414733420552,83.9390593834492
50,1,0.2,1,500,3,3,GMM,1.0,1.0,0.270308256149292,-67.5979794030932,0.16840098455859825,1.993858856484997,85.36452220328623
50,1,0.2,1,500,3,3,KMeans,1.0,1.0,0.1237642765045166,,0.16840098455859825,1.993858856484997,85.36452220328623
50,1,0.2,2,500,3,3,GMM,1.0,1.0,0.297255277633667,-67.7484960359779,0.16759513675476503,1.9704672723582914,84.42007131859465
50,1,0.2,2,500,3,3,KMeans,1.0,1.0,0.5165884494781494,,0.16759513675476503,1.9704672723582914,84.42007131859465
50,1,0.4,0,500,3,3,GMM,0.9879762948044486,0.9801906510597234,0.32584524154663086,-67.28107512822451,0.10722664918032937,2.536593952544224,51.341889949680464
50,1,0.4,0,500,3,3,KMeans,0.9819825496488556,0.9690301359121553,0.375138521194458,,0.10723877243336553,2.5349880741088167,51.34387570135563
50,1,0.4,1,500,3,3,GMM,0.9760449980392273,0.961352639010944,0.41988229751586914,-67.57845312685834,0.10949669791302116,2.5525296947695324,52.490578297313135
50,1,0.4,1,500,3,3,KMeans,0.9879762948044486,0.9801906510597234,0.19971990585327148,,0.10962695270640914,2.554469680021486,52.566833592915636
50,1,0.4,2,500,3,3,GMM,0.4573114296442061,0.5945350514441812,0.2826542854309082,-60.83062698023626,0.043455433430533215,4.211935148083129,25.625666181025874
50,1,0.4,2,500,3,3,KMeans,0.9700493100551164,0.9467264530553322,0.574437141418457,,0.10935751722764711,2.513940680108362,52.03062569574288
50,1,0.6,0,500,3,3,GMM,0.855830769796788,0.8019705642076197,0.3824615478515625,-67.23317624200233,0.05752557716744904,3.456158339002286,27.593490193126442
50,1,0.6,0,500,3,3,KMeans,0.8559926262208133,0.8050982789082964,0.29406118392944336,,0.05756023056688232,3.4551912601556487,27.613740623341073
50,1,0.6,1,500,3,3,GMM,0.8827968550281463,0.8258598896538908,0.16802978515625,-67.48843678554442,0.05898555498076015,3.4957613509295786,28.350192470854083
50,1,0.6,1,500,3,3,KMeans,0.8773613597466429,0.8233914521371317,0.2962956428527832,,0.05904167653752145,3.49607442533971,28.383292871616693
50,1,0.6,2,500,3,3,GMM,0.8718785901722615,0.8128034951188251,0.5506465435028076,-67.62297354309342,0.05950975613441893,3.4088942849196866,28.28044023272334
50,1,0.6,2,500,3,3,KMeans,0.8772374462253631,0.817817555300095,0.15166735649108887,,0.05962813809996503,3.3961971445424086,28.331184269889338
50,1,0.8,0,500,3,3,GMM,0.3988219177087958,0.3411964958662741,0.5620596408843994,-66.83700363666624,0.025840896915529064,4.9889211700856535,13.345532266995164
50,1,0.8,0,500,3,3,KMeans,0.42546659195010983,0.3649723230934477,0.3227062225341797,,0.027080636698001797,4.908921905123757,13.76487126412522
50,1,0.8,1,500,3,3,GMM,0.3887162866731719,0.3377829189226226,0.22136330604553223,-67.15977646333498,0.02548284213511379,5.178466236148526,13.589704239892438
50,1,0.8,1,500,3,3,KMeans,0.4296966514313928,0.37240735286768445,0.5980019569396973,,0.025903600714668268,4.996664421530303,13.97392300148611
50,1,0.8,2,500,3,3,GMM,0.1431139115976849,0.14660672796344568,0.40184617042541504,-66.95696328537457,0.01811857328623341,5.984888789522021,10.198629330490215
50,1,0.8,2,500,3,3,KMeans,0.429355089947152,0.36860238161925013,0.3297417163848877,,0.027129497000989194,4.871151661815714,13.975125118249244
50,3,0.0,0,500,3,3,GMM,1.0,1.0,0.18850111961364746,-65.99533528064548,0.23014903538470483,1.6205659436353956,126.53082050611533
50,3,0.0,0,500,3,3,KMeans,1.0,1.0,0.4540431499481201,,0.23014903538470483,1.6205659436353956,126.53082050611533
50,3,0.0,1,500,3,3,GMM,1.0,1.0,0.18576288223266602,-66.30286735162976,0.2299591507926936,1.6197616125037992,126.48526474300506
50,3,0.0,1,500,3,3,KMeans,1.0,1.0,0.13480663299560547,,0.2299591507926936,1.6197616125037992,126.48526474300506
50,3,0.0,2,500,3,3,GMM,1.0,1.0,0.1138148307800293,-66.45338406289274,0.22083438395249436,1.6569361070852777,119.80485127565308
50,3,0.0,2,500,3,3,KMeans,1.0,1.0,0.11478209495544434,,0.22083438395249436,1.6569361070852777,119.80485127565308
50,3,0.2,0,500,3,3,GMM,1.0,1.0,0.1853334903717041,-65.99533528062902,0.16990758703392767,1.97592198523967,85.39975151545816
50,3,0.2,0,500,3,3,KMeans,1.0,1.0,0.09382486343383789,,0.16990758703392767,1.97592198523967,85.39975151545816
50,3,0.2,1,500,3,3,GMM,1.0,1.0,0.12026667594909668,-66.30286734804245,0.16991439587510215,1.9734437777930396,85.54931661712118
50,3,0.2,1,500,3,3,KMeans,1.0,1.0,0.21114063262939453,,0.16991439587510215,1.9734437777930396,85.54931661712118
50,3,0.2,2,500,3,3,GMM,0.4513966283137453,0.6510356872536484,0.0719754695892334,-66.79604444865257,0.062142266883800194,4.3143433140146294,37.297408395054624
50,3,0.2,2,500,3,3,KMeans,1.0,1.0,0.1999197006225586,,0.16088619136291923,2.028348143474896,80.15574330079812
50,3,0.4,0,500,3,3,GMM,0.9760449980392273,0.9613526390109443,0.08617591857910156,-66.03862523048666,0.11128499325277008,2.53925249960403,52.6815187837667
50,3,0.4,0,500,3,3,KMeans,0.9760449980392273,0.9613526390109443,0.32420802116394043,,0.11128499325277008,2.53925249960403,52.6815187837667
50,3,0.4,1,500,3,3,GMM,0.9819825496488556,0.969030135912155,0.11005425453186035,-66.31608953731971,0.11124213009460907,2.5206906342276785,52.748807487946415
50,3,0.4,1,500,3,3,KMeans,0.9759712486166047,0.9578632425015704,0.2295980453491211,,0.1112629474448275,2.5211763578427155,52.75565882254394
50,3,0.4,2,500,3,3,GMM,0.4275998128800996,0.5459972986433577,0.11191678047180176,-64.39766120437741,0.04339030306577355,4.207487150698685,25.385977115151423
50,3,0.4,2,500,3,3,KMeans,0.9759525896088971,0.9578583366402236,0.33269572257995605,,0.10306932690072104,2.6145036013969523,48.67817999260097
50,3,0.6,0,500,3,3,GMM,0.9229905009269802,0.8808024113852947,0.20539546012878418,-66.03171467285976,0.0600444171449601,3.4794849230518508,28.32748225213717
50,3,0.6,0,500,3,3,KMeans,0.9171361460275524,0.872215752841151,0.3325979709625244,,0.0601647202231762,3.474862610693041,28.3341571951604
50,3,0.6,1,500,3,3,GMM,0.8825667953420034,0.8237357573208162,0.1800704002380371,-66.29731647868739,0.060602624482930384,3.4621830576494452,28.64577862964251
50,3,0.6,1,500,3,3,KMeans,0.8883173207302126,0.8303015617049218,0.25783395767211914,,0.060681688400065235,3.456276653436472,28.65694458581677
50,3,0.6,2,500,3,3,GMM,0.8322723927316751,0.7624350419856005,0.5981085300445557,-66.46310402247019,0.05415308407805867,3.598858082925535,25.788722707113784
50,3,0.6,2,500,3,3,KMeans,0.8161682106066398,0.7472125246861289,0.7717838287353516,,0.05412956347277365,3.6103151283947645,25.810916940013712
50,3,0.8,0,500,3,3,GMM,0.2975742726379844,0.2688336798473825,0.7246489524841309,-66.18221597787385,0.02432170760736609,5.239966404437692,13.042083005740679
50,3,0.8,0,500,3,3,KMeans,0.40832277623136504,0.3519940038216416,0.5892159938812256,,0.026538466677135435,5.1000602462243085,13.652085999814565
50,3,0.8,1,500,3,3,GMM,0.42553537122968177,0.36347649646812885,0.6551556587219238,-66.38492497791115,0.026891928049532728,5.006569410847102,13.854130924531386
50,3,0.8,1,500,3,3,KMeans,0.4494582944550983,0.3857081947015304,0.2965402603149414,,0.027419792803483497,4.913869329252713,14.167676611592785
50,3,0.8,2,500,3,3,GMM,0.2789171654062092,0.24655708885394548,0.2875850200653076,-66.40390759899512,0.023775454109174483,5.178924365627,12.73149631003871
50,3,0.8,2,500,3,3,KMeans,0.2484566190899166,0.22281465956192775,0.44402289390563965,,0.024649732106763744,5.103388973237844,13.037849516701119
50,10,0.0,0,500,3,3,GMM,1.0,1.0,0.14924240112304688,-61.78574292855598,0.22829903047321506,1.6211092692930134,125.07327284264039
50,10,0.0,0,500,3,3,KMeans,1.0,1.0,0.37772560119628906,,0.22829903047321506,1.6211092692930134,125.07327284264039
50,10,0.0,1,500,3,3,GMM,1.0,1.0,0.04184246063232422,-62.093274999539624,0.23219778381679992,1.6148378996340798,127.0306102666762
50,10,0.0,1,500,3,3,KMeans,1.0,1.0,0.21886086463928223,,0.23219778381679992,1.6148378996340798,127.0306102666762
50,10,0.0,2,500,3,3,GMM,0.4558811862814386,0.652988284499407,0.12490582466125488,-63.93219507493029,0.0886567564806116,3.6267836766343122,53.63328172493601
50,10,0.0,2,500,3,3,KMeans,1.0,1.0,0.13159465789794922,,0.23009618951600813,1.6134788796877546,125.39516113654705
50,10,0.2,0,500,3,3,GMM,1.0,1.0,0.20666813850402832,-61.78574292563832,0.16787735438942797,1.9785906198899756,84.20356628087029
50,10,0.2,0,500,3,3,KMeans,1.0,1.0,0.2428138256072998,,0.16787735438942797,1.9785906198899756,84.20356628087029
50,10,0.2,1,500,3,3,GMM,0.44296921033049724,0.6474722069633494,0.0911870002746582,-63.990015936266985,0.07006468400173406,3.9733484657333,41.2810578915316
50,10,0.2,1,500,3,3,KMeans,0.993969818926683,0.9888285217650022,0.08287215232849121,,0.17234330760394095,1.9669204010211059,86.0634781338765
50,10,0.2,2,500,3,3,GMM,1.0,1.0,0.14358901977539062,-62.243791710798384,0.17032396473650277,1.9624397790917787,84.82517899218276
50,10,0.2,2,500,3,3,KMeans,1.0,1.0,0.08134794235229492,,0.17032396473650277,1.9624397790917787,84.82517899218276
50,10,0.4,0,500,3,3,GMM,0.993969818926683,0.9888285217650024,0.3259918689727783,-61.80539983271912,0.1087616949833475,2.5357817833562524,51.46674123905615
50,10,0.4,0,500,3,3,KMeans,0.993969818926683,0.9888285217650024,0.3501923084259033,,0.1087616949833475,2.5357817833562524,51.46674123905615
50,10,0.4,1,500,3,3,GMM,0.9819458929194648,0.9664965762030162,0.1742231845855713,-62.15596718546172,0.11380706584590856,2.5081617105932366,53.23564745941583
50,10,0.4,1,500,3,3,KMeans,0.96999851231202,0.9542520270163546,0.11671972274780273,,0.11399143450029951,2.5084854084850154,53.31370630461816
50,10,0.4,2,500,3,3,GMM,0.993969818926683,0.9888285217650024,0.12662959098815918,-62.24767212807035,0.11171145225154691,2.4986852259986017,52.25552990222018
50,10,0.4,2,500,3,3,KMeans,0.993969818926683,0.9888285217650024,0.14678120613098145,,0.11171145225154691,2.4986852259986017,52.25552990222018
50,10,0.6,0,500,3,3,GMM,0.8942121166943947,0.8429722597524607,0.5650854110717773,-62.07963098683243,0.05728321941405897,3.4847471181885794,27.371159254772895
50,10,0.6,0,500,3,3,KMeans,0.8433389950569441,0.7839340845400827,0.3726332187652588,,0.05777869729118439,3.459647844577688,27.652402354238713
50,10,0.6,1,500,3,3,GMM,0.9056705598459455,0.8626064739947231,0.46192169189453125,-62.371921089066575,0.0626678065139551,3.4190965520850454,28.85715182127383
50,10,0.6,1,500,3,3,KMeans,0.8485829145220714,0.801297759019483,0.26983022689819336,,0.06339555948186015,3.4062707718185514,29.172047634096085
50,10,0.6,2,500,3,3,GMM,0.8887439515757426,0.8380062410750516,0.22425198554992676,-62.5150332387474,0.060883559068872585,3.399525955192308,28.24761500267549
50,10,0.6,2,500,3,3,KMeans,0.8608621651796959,0.8047340379383502,0.30629563331604004,,0.060901063656210626,3.40030183425463,28.291820150569137
50,10,0.8,0,500,3,3,GMM,0.25228582903242003,0.23119932915847283,0.628124475479126,-64.1289827108193,0.02441713562031345,5.299538732844478,12.929484458584076
50,10,0.8,0,500,3,3,KMeans,0.30975173515910426,0.27166335678568515,0.7161188125610352,,0.026786354608492907,4.839031771203218,14.121372308768246
50,10,0.8,1,500,3,3,GMM,0.4217026789149973,0.3823988955204421,0.5981042385101318,-63.50786876339898,0.028624780418859103,4.924871467073203,14.180840425242668
50,10,0.8,1,500,3,3,KMeans,0.3124462197954221,0.28985281292019216,1.5214343070983887,,0.030771321085742393,4.763049932953713,15.011138096183199
50,10,0.8,2,500,3,3,GMM,0.13630949377835225,0.1688274818296698,0.33859992027282715,-64.9089376623272,0.022622375006168968,5.174543885867457,12.683070816956477
50,10,0.8,2,500,3,3,KMeans,0.24834523064549222,0.22844800058790934,0.5055007934570312,,0.029233476578130184,4.700849078952014,14.9932047071497
50,30,0.0,0,500,3,3,GMM,1.0,1.0,0.07241153717041016,-55.81089943747363,0.2296549248115202,1.6238171475556629,124.56614129404704
50,30,0.0,0,500,3,3,KMeans,1.0,1.0,0.16140270233154297,,0.2296549248115202,1.6238171475556629,124.56614129404704
50,30,0.0,1,500,3,3,GMM,0.4461917034470553,0.6488190242754333,0.30020952224731445,-60.300118180439355,0.09123138453459226,3.5904751602988303,56.05216045884559
50,30,0.0,1,500,3,3,KMeans,1.0,1.0,0.37920498847961426,,0.23680378713593028,1.587161420608548,129.85799226019333
50,30,0.0,2,500,3,3,GMM,1.0,1.0,0.15807199478149414,-56.26894821968769,0.23183080024593714,1.6059467935815304,125.4311440359974
50,30,0.0,2,500,3,3,KMeans,1.0,1.0,0.16913676261901855,,0.23183080024593714,1.6059467935815304,125.4311440359974
50,30,0.2,0,500,3,3,GMM,1.0,1.0,0.15829801559448242,-55.81089943747363,0.1693769696916886,1.9835607081842692,83.85536811247418
50,30,0.2,0,500,3,3,KMeans,1.0,1.0,0.27556610107421875,,0.1693769696916886,1.9835607081842692,83.85536811247418
50,30,0.2,1,500,3,3,GMM,0.44092101977051235,0.6369040285144899,0.12441039085388184,-60.188535750848246,0.07438891060317622,3.5914033122361744,42.500600573040785
50,30,0.2,1,500,3,3,KMeans,0.993969818926683,0.9888285217650024,0.25547099113464355,,0.1770355163818764,1.9268269670463283,88.40729543002698
50,30,0.2,2,500,3,3,GMM,1.0,1.0,0.10510802268981934,-56.26894821968768,0.17212992956080728,1.9520333193956294,84.92193502797619
50,30,0.2,2,500,3,3,KMeans,1.0,1.0,0.15776443481445312,,0.17212992956080728,1.9520333193956294,84.92193502797619
50,30,0.4,0,500,3,3,GMM,1.0,1.0,0.1719977855682373,-55.81089943747363,0.11031949712750964,2.5456375645778557,51.2607262802814
50,30,0.4,0,500,3,3,KMeans,0.9759884371366444,0.9553474323502862,0.6164660453796387,,0.11054368482489824,2.538818098489498,51.35023580690547
50,30,0.4,1,500,3,3,GMM,0.9879762948044486,0.9801906510597234,0.3131861686706543,-56.22537270756594,0.11797572463390978,2.448467966816084,54.939612136689945
50,30,0.4,1,500,3,3,KMeans,0.9584522131201945,0.9414746878667325,0.28009605407714844,,0.1184622806352249,2.452818856526997,55.22100645196281
50,30,0.4,2,500,3,3,GMM,1.0,1.0,0.0647592544555664,-56.26894821968769,0.11344413016192913,2.4859329450491,52.3799180458741
50,30,0.4,2,500,3,3,KMeans,1.0,1.0,0.2917623519897461,,0.11344413016192913,2.4859329450491003,52.3799180458741
50,30,0.6,0,500,3,3,GMM,0.9580140318385788,0.9344504693520091,0.29601430892944336,-56.16595436481228,0.05783579260126923,3.5352937561523885,26.84521986093552
50,30,0.6,0,500,3,3,KMeans,0.760720209191357,0.7050216929059914,0.46617746353149414,,0.059425846818566844,3.4998542184432133,27.659176911907082
50,30,0.6,1,500,3,3,GMM,0.36669979238524936,0.4422103746925283,0.6052548885345459,-61.04280683792646,0.039278769428235306,4.210884906694506,19.22746798002327
50,30,0.6,1,500,3,3,KMeans,0.8086099997708142,0.7889059939661861,0.13527894020080566,,0.06847929285762039,3.293289685930207,31.03404894598684
50,30,0.6,2,500,3,3,GMM,0.993969818926683,0.9888285217650022,0.22369956970214844,-56.31749776190408,0.061087246882625526,3.413261743964501,27.85453774097648
50,30,0.6,2,500,3,3,KMeans,0.8944782251829465,0.8434690715836406,0.2918095588684082,,0.06123720351000053,3.409174937768182,28.196594900031698
50,30,0.8,0,500,3,3,GMM,0.11825867311282015,0.11339250061779677,0.28374481201171875,-62.29545531555634,0.026320652977000265,4.859207124894392,13.72127693553006
50,30,0.8,0,500,3,3,KMeans,0.16392928916907373,0.17665889741492302,0.7250850200653076,,0.03269078185403214,4.5845466009888,16.626646153114518
50,30,0.8,1,500,3,3,GMM,0.8947456580466334,0.8476810046923424,0.7681162357330322,-56.55802744044132,0.025565857523574532,5.107222956064736,12.674385546295897
50,30,0.8,1,500,3,3,KMeans,0.2613064579543861,0.24149680046177588,0.5762510299682617,,0.03352253887878434,4.592323597573046,16.533113480250975
50,30,0.8,2,500,3,3,GMM,0.4445436222792385,0.4161498582784101,1.2938964366912842,-60.128494131953495,0.01969746130077776,5.417391293512538,11.439166332851835
50,30,0.8,2,500,3,3,KMeans,0.19431842360933413,0.17718072186944528,0.6577725410461426,,0.031488363355447475,4.535019365430826,16.36608468025878
